TRUCK_COVER.pdf,1,1/8/19,10:44 AM,,,
,,,01.55.5366.7200 • www.albailco.mx,,,
,,,"Col. Los reyes, Tultitlán, Estado de Mexico. C.P . 54915", Web: www.ilco.us,,
,,,"Prolongación avenida independencia 14, Bodega 5.",Phone: 1.800.334.1381 • Fax: 252.446.4702,,
,,,V.,Corporación Cerrajera Alba S.A. de C.,"ffreys Rd. • Rocky Mount, NC 27804",400 Je
,,,Kaba Ilco Corp.,,,
,,,"Nicaragua, Costa Rica, Panama",,,
,,,"Mexico, Guatemala, Belize, El Savador, Honduras,","U.S.A., Canada, Caribbean Islands",,
,,Distributed by:,Central America:,North America:,,
,,, Automotive,ILCO,,
"Cut, Clone & Program",,,,,,
C,,,,,,
M,,,,,,
Y,,,,,,
CM,,,2018 Auto Truck Key Blank Reference,,,
MY,,,,,,
CY,,,,,,
CMY,,,,,,
K,,,,,,
,,,2019,,,
